source,domain,item,molecule,topology,encoder,prior,prior_weight,horizon,mean_rollout_error,std_rollout_error,n,baseline,baseline_mean_rollout_error,pct_gain_vs_baseline,notes
cycle1_aspirin_pilot,rMD17,aspirin,aspirin,,gnn_node,covariance,0.100000,1,0.010894,0.002577,5,gnn_node:none,0.009291,-17.2567,
cycle1_aspirin_pilot,rMD17,aspirin,aspirin,,gnn_node,covariance,0.100000,2,0.010511,0.001748,5,gnn_node:none,0.009216,-14.0522,
cycle1_aspirin_pilot,rMD17,aspirin,aspirin,,gnn_node,covariance,0.100000,4,0.011569,0.002196,5,gnn_node:none,0.009987,-15.8371,
cycle1_aspirin_pilot,rMD17,aspirin,aspirin,,gnn_node,covariance,0.100000,8,0.016826,0.003961,5,gnn_node:none,0.014572,-15.4698,
cycle1_aspirin_pilot,rMD17,aspirin,aspirin,,gnn_node,covariance,0.100000,16,0.034385,0.005638,5,gnn_node:none,0.029925,-14.9024,
cycle1_aspirin_pilot,rMD17,aspirin,aspirin,,gnn_node,covariance,0.100000,32,0.119189,0.020733,5,gnn_node:none,0.100806,-18.2359,
cycle1_aspirin_pilot,rMD17,aspirin,aspirin,,gnn_node,graph,0.100000,1,0.003253,0.000548,5,gnn_node:none,0.009291,64.9898,
cycle1_aspirin_pilot,rMD17,aspirin,aspirin,,gnn_node,graph,0.100000,2,0.003361,0.000349,5,gnn_node:none,0.009216,63.5269,
cycle1_aspirin_pilot,rMD17,aspirin,aspirin,,gnn_node,graph,0.100000,4,0.003955,0.000766,5,gnn_node:none,0.009987,60.4013,
cycle1_aspirin_pilot,rMD17,aspirin,aspirin,,gnn_node,graph,0.100000,8,0.005470,0.000912,5,gnn_node:none,0.014572,62.4649,
cycle1_aspirin_pilot,rMD17,aspirin,aspirin,,gnn_node,graph,0.100000,16,0.010606,0.002667,5,gnn_node:none,0.029925,64.5593,
cycle1_aspirin_pilot,rMD17,aspirin,aspirin,,gnn_node,graph,0.100000,32,0.032962,0.015665,5,gnn_node:none,0.100806,67.3020,
cycle1_aspirin_pilot,rMD17,aspirin,aspirin,,gnn_node,none,0.100000,1,0.009291,0.001965,5,,,,
cycle1_aspirin_pilot,rMD17,aspirin,aspirin,,gnn_node,none,0.100000,2,0.009216,0.001208,5,,,,
cycle1_aspirin_pilot,rMD17,aspirin,aspirin,,gnn_node,none,0.100000,4,0.009987,0.001667,5,,,,
cycle1_aspirin_pilot,rMD17,aspirin,aspirin,,gnn_node,none,0.100000,8,0.014572,0.003414,5,,,,
cycle1_aspirin_pilot,rMD17,aspirin,aspirin,,gnn_node,none,0.100000,16,0.029925,0.005550,5,,,,
cycle1_aspirin_pilot,rMD17,aspirin,aspirin,,gnn_node,none,0.100000,32,0.100806,0.022203,5,,,,
cycle1_aspirin_pilot,rMD17,aspirin,aspirin,,gnn_node,permuted_graph,0.100000,1,0.003440,0.000409,5,gnn_node:none,0.009291,62.9770,
cycle1_aspirin_pilot,rMD17,aspirin,aspirin,,gnn_node,permuted_graph,0.100000,2,0.003586,0.000382,5,gnn_node:none,0.009216,61.0934,
cycle1_aspirin_pilot,rMD17,aspirin,aspirin,,gnn_node,permuted_graph,0.100000,4,0.004244,0.000823,5,gnn_node:none,0.009987,57.5035,
cycle1_aspirin_pilot,rMD17,aspirin,aspirin,,gnn_node,permuted_graph,0.100000,8,0.005890,0.000928,5,gnn_node:none,0.014572,59.5804,
cycle1_aspirin_pilot,rMD17,aspirin,aspirin,,gnn_node,permuted_graph,0.100000,16,0.011373,0.002354,5,gnn_node:none,0.029925,61.9960,
cycle1_aspirin_pilot,rMD17,aspirin,aspirin,,gnn_node,permuted_graph,0.100000,32,0.035008,0.016039,5,gnn_node:none,0.100806,65.2724,
cycle1_aspirin_pilot,rMD17,aspirin,aspirin,,gnn_node,random_graph,0.100000,1,0.003433,0.000422,5,gnn_node:none,0.009291,63.0497,
cycle1_aspirin_pilot,rMD17,aspirin,aspirin,,gnn_node,random_graph,0.100000,2,0.003568,0.000369,5,gnn_node:none,0.009216,61.2861,
cycle1_aspirin_pilot,rMD17,aspirin,aspirin,,gnn_node,random_graph,0.100000,4,0.004223,0.000751,5,gnn_node:none,0.009987,57.7174,
cycle1_aspirin_pilot,rMD17,aspirin,aspirin,,gnn_node,random_graph,0.100000,8,0.005888,0.000832,5,gnn_node:none,0.014572,59.5942,
cycle1_aspirin_pilot,rMD17,aspirin,aspirin,,gnn_node,random_graph,0.100000,16,0.011346,0.002099,5,gnn_node:none,0.029925,62.0841,
cycle1_aspirin_pilot,rMD17,aspirin,aspirin,,gnn_node,random_graph,0.100000,32,0.033574,0.014931,5,gnn_node:none,0.100806,66.6941,
cycle1_aspirin_pilot,rMD17,aspirin,aspirin,,gnn_node,sigreg,0.100000,1,0.029599,0.001536,5,,,,
cycle1_aspirin_pilot,rMD17,aspirin,aspirin,,gnn_node,sigreg,0.100000,2,0.027487,0.002535,5,,,,
cycle1_aspirin_pilot,rMD17,aspirin,aspirin,,gnn_node,sigreg,0.100000,4,0.029113,0.002117,5,,,,
cycle1_aspirin_pilot,rMD17,aspirin,aspirin,,gnn_node,sigreg,0.100000,8,0.033691,0.004249,5,,,,
cycle1_aspirin_pilot,rMD17,aspirin,aspirin,,gnn_node,sigreg,0.100000,16,0.048740,0.009805,5,,,,
cycle1_aspirin_pilot,rMD17,aspirin,aspirin,,gnn_node,sigreg,0.100000,32,0.110101,0.045780,5,,,,
cycle1_aspirin_pilot,rMD17,aspirin,aspirin,,gnn_node,variance,0.100000,1,0.084158,0.017943,5,,,,
cycle1_aspirin_pilot,rMD17,aspirin,aspirin,,gnn_node,variance,0.100000,2,0.077891,0.015795,5,,,,
cycle1_aspirin_pilot,rMD17,aspirin,aspirin,,gnn_node,variance,0.100000,4,0.085770,0.012841,5,,,,
cycle1_aspirin_pilot,rMD17,aspirin,aspirin,,gnn_node,variance,0.100000,8,0.104577,0.019212,5,,,,
cycle1_aspirin_pilot,rMD17,aspirin,aspirin,,gnn_node,variance,0.100000,16,0.159522,0.050658,5,,,,
cycle1_aspirin_pilot,rMD17,aspirin,aspirin,,gnn_node,variance,0.100000,32,0.333592,0.169805,5,,,,
cycle1_aspirin_pilot,rMD17,aspirin,aspirin,,mlp_global,covariance,0.100000,1,0.033872,0.010215,5,,,,
cycle1_aspirin_pilot,rMD17,aspirin,aspirin,,mlp_global,covariance,0.100000,2,0.035784,0.012096,5,,,,
cycle1_aspirin_pilot,rMD17,aspirin,aspirin,,mlp_global,covariance,0.100000,4,0.040038,0.012639,5,,,,
cycle1_aspirin_pilot,rMD17,aspirin,aspirin,,mlp_global,covariance,0.100000,8,0.053430,0.016504,5,,,,
cycle1_aspirin_pilot,rMD17,aspirin,aspirin,,mlp_global,covariance,0.100000,16,0.101608,0.035080,5,,,,
cycle1_aspirin_pilot,rMD17,aspirin,aspirin,,mlp_global,covariance,0.100000,32,0.259474,0.109245,5,,,,
cycle1_aspirin_pilot,rMD17,aspirin,aspirin,,mlp_global,none,0.100000,1,0.024459,0.006607,5,,,,
cycle1_aspirin_pilot,rMD17,aspirin,aspirin,,mlp_global,none,0.100000,2,0.025737,0.007153,5,,,,
cycle1_aspirin_pilot,rMD17,aspirin,aspirin,,mlp_global,none,0.100000,4,0.028894,0.007066,5,,,,
cycle1_aspirin_pilot,rMD17,aspirin,aspirin,,mlp_global,none,0.100000,8,0.041354,0.010511,5,,,,
cycle1_aspirin_pilot,rMD17,aspirin,aspirin,,mlp_global,none,0.100000,16,0.079849,0.016752,5,,,,
cycle1_aspirin_pilot,rMD17,aspirin,aspirin,,mlp_global,none,0.100000,32,0.228330,0.099250,5,,,,
cycle1_aspirin_pilot,rMD17,aspirin,aspirin,,mlp_global,sigreg,0.100000,1,0.085438,0.012386,5,,,,
cycle1_aspirin_pilot,rMD17,aspirin,aspirin,,mlp_global,sigreg,0.100000,2,0.084629,0.011813,5,,,,
cycle1_aspirin_pilot,rMD17,aspirin,aspirin,,mlp_global,sigreg,0.100000,4,0.087754,0.011200,5,,,,
cycle1_aspirin_pilot,rMD17,aspirin,aspirin,,mlp_global,sigreg,0.100000,8,0.101010,0.016978,5,,,,
cycle1_aspirin_pilot,rMD17,aspirin,aspirin,,mlp_global,sigreg,0.100000,16,0.153898,0.052503,5,,,,
cycle1_aspirin_pilot,rMD17,aspirin,aspirin,,mlp_global,sigreg,0.100000,32,0.378753,0.216311,5,,,,
cycle1_aspirin_pilot,rMD17,aspirin,aspirin,,mlp_global,variance,0.100000,1,0.268374,0.091202,5,,,,
cycle1_aspirin_pilot,rMD17,aspirin,aspirin,,mlp_global,variance,0.100000,2,0.261318,0.089370,5,,,,
cycle1_aspirin_pilot,rMD17,aspirin,aspirin,,mlp_global,variance,0.100000,4,0.289220,0.097522,5,,,,
cycle1_aspirin_pilot,rMD17,aspirin,aspirin,,mlp_global,variance,0.100000,8,0.313422,0.120373,5,,,,
cycle1_aspirin_pilot,rMD17,aspirin,aspirin,,mlp_global,variance,0.100000,16,0.427597,0.178773,5,,,,
cycle1_aspirin_pilot,rMD17,aspirin,aspirin,,mlp_global,variance,0.100000,32,0.763021,0.495671,5,,,,
cycle2_rmd17_multimolecule,rMD17,aspirin,aspirin,,gnn_node,graph,0.100000,1,0.003425,0.000697,3,gnn_node:none,0.009480,63.8768,
cycle2_rmd17_multimolecule,rMD17,aspirin,aspirin,,gnn_node,graph,0.100000,2,0.003292,0.000468,3,gnn_node:none,0.009349,64.7903,
cycle2_rmd17_multimolecule,rMD17,aspirin,aspirin,,gnn_node,graph,0.100000,4,0.003879,0.000867,3,gnn_node:none,0.010542,63.2003,
cycle2_rmd17_multimolecule,rMD17,aspirin,aspirin,,gnn_node,graph,0.100000,8,0.005277,0.000770,3,gnn_node:none,0.015853,66.7091,
cycle2_rmd17_multimolecule,rMD17,aspirin,aspirin,,gnn_node,graph,0.100000,16,0.010012,0.001894,3,gnn_node:none,0.029885,66.4974,
cycle2_rmd17_multimolecule,rMD17,aspirin,aspirin,,gnn_node,graph,0.100000,32,0.030592,0.013026,3,gnn_node:none,0.093367,67.2348,
cycle2_rmd17_multimolecule,rMD17,aspirin,aspirin,,gnn_node,none,0.100000,1,0.009480,0.001416,3,,,,
cycle2_rmd17_multimolecule,rMD17,aspirin,aspirin,,gnn_node,none,0.100000,2,0.009349,0.001061,3,,,,
cycle2_rmd17_multimolecule,rMD17,aspirin,aspirin,,gnn_node,none,0.100000,4,0.010542,0.001693,3,,,,
cycle2_rmd17_multimolecule,rMD17,aspirin,aspirin,,gnn_node,none,0.100000,8,0.015853,0.004140,3,,,,
cycle2_rmd17_multimolecule,rMD17,aspirin,aspirin,,gnn_node,none,0.100000,16,0.029885,0.007845,3,,,,
cycle2_rmd17_multimolecule,rMD17,aspirin,aspirin,,gnn_node,none,0.100000,32,0.093367,0.023027,3,,,,
cycle2_rmd17_multimolecule,rMD17,aspirin,aspirin,,gnn_node,permuted_graph,0.100000,1,0.003536,0.000534,3,gnn_node:none,0.009480,62.7052,
cycle2_rmd17_multimolecule,rMD17,aspirin,aspirin,,gnn_node,permuted_graph,0.100000,2,0.003414,0.000426,3,gnn_node:none,0.009349,63.4897,
cycle2_rmd17_multimolecule,rMD17,aspirin,aspirin,,gnn_node,permuted_graph,0.100000,4,0.004035,0.000876,3,gnn_node:none,0.010542,61.7186,
cycle2_rmd17_multimolecule,rMD17,aspirin,aspirin,,gnn_node,permuted_graph,0.100000,8,0.005670,0.000884,3,gnn_node:none,0.015853,64.2308,
cycle2_rmd17_multimolecule,rMD17,aspirin,aspirin,,gnn_node,permuted_graph,0.100000,16,0.010821,0.000423,3,gnn_node:none,0.029885,63.7921,
cycle2_rmd17_multimolecule,rMD17,aspirin,aspirin,,gnn_node,permuted_graph,0.100000,32,0.031690,0.007754,3,gnn_node:none,0.093367,66.0583,
cycle2_rmd17_multimolecule,rMD17,aspirin,aspirin,,gnn_node,random_graph,0.100000,1,0.003545,0.000536,3,gnn_node:none,0.009480,62.6103,
cycle2_rmd17_multimolecule,rMD17,aspirin,aspirin,,gnn_node,random_graph,0.100000,2,0.003431,0.000446,3,gnn_node:none,0.009349,63.2986,
cycle2_rmd17_multimolecule,rMD17,aspirin,aspirin,,gnn_node,random_graph,0.100000,4,0.004074,0.000859,3,gnn_node:none,0.010542,61.3538,
cycle2_rmd17_multimolecule,rMD17,aspirin,aspirin,,gnn_node,random_graph,0.100000,8,0.005753,0.000894,3,gnn_node:none,0.015853,63.7097,
cycle2_rmd17_multimolecule,rMD17,aspirin,aspirin,,gnn_node,random_graph,0.100000,16,0.010968,0.000856,3,gnn_node:none,0.029885,63.2995,
cycle2_rmd17_multimolecule,rMD17,aspirin,aspirin,,gnn_node,random_graph,0.100000,32,0.030524,0.008295,3,gnn_node:none,0.093367,67.3078,
cycle2_rmd17_multimolecule,rMD17,aspirin,aspirin,,mlp_global,none,0.100000,1,0.025961,0.006905,3,,,,
cycle2_rmd17_multimolecule,rMD17,aspirin,aspirin,,mlp_global,none,0.100000,2,0.027365,0.005314,3,,,,
cycle2_rmd17_multimolecule,rMD17,aspirin,aspirin,,mlp_global,none,0.100000,4,0.030400,0.005755,3,,,,
cycle2_rmd17_multimolecule,rMD17,aspirin,aspirin,,mlp_global,none,0.100000,8,0.044563,0.010057,3,,,,
cycle2_rmd17_multimolecule,rMD17,aspirin,aspirin,,mlp_global,none,0.100000,16,0.080641,0.023241,3,,,,
cycle2_rmd17_multimolecule,rMD17,aspirin,aspirin,,mlp_global,none,0.100000,32,0.195335,0.064512,3,,,,
cycle2_rmd17_multimolecule,rMD17,ethanol,ethanol,,gnn_node,graph,0.100000,1,0.004567,0.001378,3,gnn_node:none,0.009742,53.1200,
cycle2_rmd17_multimolecule,rMD17,ethanol,ethanol,,gnn_node,graph,0.100000,2,0.004967,0.001327,3,gnn_node:none,0.009630,48.4236,
cycle2_rmd17_multimolecule,rMD17,ethanol,ethanol,,gnn_node,graph,0.100000,4,0.006138,0.001506,3,gnn_node:none,0.011677,47.4365,
cycle2_rmd17_multimolecule,rMD17,ethanol,ethanol,,gnn_node,graph,0.100000,8,0.007874,0.001643,3,gnn_node:none,0.013521,41.7629,
cycle2_rmd17_multimolecule,rMD17,ethanol,ethanol,,gnn_node,graph,0.100000,16,0.015001,0.000608,3,gnn_node:none,0.023002,34.7836,
cycle2_rmd17_multimolecule,rMD17,ethanol,ethanol,,gnn_node,graph,0.100000,32,0.044914,0.003594,3,gnn_node:none,0.055703,19.3691,
cycle2_rmd17_multimolecule,rMD17,ethanol,ethanol,,gnn_node,none,0.100000,1,0.009742,0.003137,3,,,,
cycle2_rmd17_multimolecule,rMD17,ethanol,ethanol,,gnn_node,none,0.100000,2,0.009630,0.002098,3,,,,
cycle2_rmd17_multimolecule,rMD17,ethanol,ethanol,,gnn_node,none,0.100000,4,0.011677,0.002897,3,,,,
cycle2_rmd17_multimolecule,rMD17,ethanol,ethanol,,gnn_node,none,0.100000,8,0.013521,0.002368,3,,,,
cycle2_rmd17_multimolecule,rMD17,ethanol,ethanol,,gnn_node,none,0.100000,16,0.023002,0.003840,3,,,,
cycle2_rmd17_multimolecule,rMD17,ethanol,ethanol,,gnn_node,none,0.100000,32,0.055703,0.016320,3,,,,
cycle2_rmd17_multimolecule,rMD17,ethanol,ethanol,,gnn_node,permuted_graph,0.100000,1,0.004431,0.001501,3,gnn_node:none,0.009742,54.5157,
cycle2_rmd17_multimolecule,rMD17,ethanol,ethanol,,gnn_node,permuted_graph,0.100000,2,0.004852,0.001417,3,gnn_node:none,0.009630,49.6220,
cycle2_rmd17_multimolecule,rMD17,ethanol,ethanol,,gnn_node,permuted_graph,0.100000,4,0.005821,0.001761,3,gnn_node:none,0.011677,50.1509,
cycle2_rmd17_multimolecule,rMD17,ethanol,ethanol,,gnn_node,permuted_graph,0.100000,8,0.007340,0.002082,3,gnn_node:none,0.013521,45.7168,
cycle2_rmd17_multimolecule,rMD17,ethanol,ethanol,,gnn_node,permuted_graph,0.100000,16,0.013443,0.002233,3,gnn_node:none,0.023002,41.5577,
cycle2_rmd17_multimolecule,rMD17,ethanol,ethanol,,gnn_node,permuted_graph,0.100000,32,0.038790,0.008142,3,gnn_node:none,0.055703,30.3623,
cycle2_rmd17_multimolecule,rMD17,ethanol,ethanol,,gnn_node,random_graph,0.100000,1,0.004568,0.001344,3,gnn_node:none,0.009742,53.1072,
cycle2_rmd17_multimolecule,rMD17,ethanol,ethanol,,gnn_node,random_graph,0.100000,2,0.004959,0.001210,3,gnn_node:none,0.009630,48.5019,
cycle2_rmd17_multimolecule,rMD17,ethanol,ethanol,,gnn_node,random_graph,0.100000,4,0.005969,0.001414,3,gnn_node:none,0.011677,48.8789,
cycle2_rmd17_multimolecule,rMD17,ethanol,ethanol,,gnn_node,random_graph,0.100000,8,0.007634,0.001431,3,gnn_node:none,0.013521,43.5409,
cycle2_rmd17_multimolecule,rMD17,ethanol,ethanol,,gnn_node,random_graph,0.100000,16,0.014066,0.000473,3,gnn_node:none,0.023002,38.8472,
cycle2_rmd17_multimolecule,rMD17,ethanol,ethanol,,gnn_node,random_graph,0.100000,32,0.040031,0.004042,3,gnn_node:none,0.055703,28.1355,
cycle2_rmd17_multimolecule,rMD17,ethanol,ethanol,,mlp_global,none,0.100000,1,0.018917,0.002726,3,,,,
cycle2_rmd17_multimolecule,rMD17,ethanol,ethanol,,mlp_global,none,0.100000,2,0.020254,0.004285,3,,,,
cycle2_rmd17_multimolecule,rMD17,ethanol,ethanol,,mlp_global,none,0.100000,4,0.021360,0.003848,3,,,,
cycle2_rmd17_multimolecule,rMD17,ethanol,ethanol,,mlp_global,none,0.100000,8,0.027005,0.006639,3,,,,
cycle2_rmd17_multimolecule,rMD17,ethanol,ethanol,,mlp_global,none,0.100000,16,0.046383,0.014497,3,,,,
cycle2_rmd17_multimolecule,rMD17,ethanol,ethanol,,mlp_global,none,0.100000,32,0.113298,0.044693,3,,,,
cycle2_rmd17_multimolecule,rMD17,malonaldehyde,malonaldehyde,,gnn_node,graph,0.100000,1,0.005453,0.001382,3,gnn_node:none,0.012920,57.7948,
cycle2_rmd17_multimolecule,rMD17,malonaldehyde,malonaldehyde,,gnn_node,graph,0.100000,2,0.005617,0.000844,3,gnn_node:none,0.012531,55.1712,
cycle2_rmd17_multimolecule,rMD17,malonaldehyde,malonaldehyde,,gnn_node,graph,0.100000,4,0.006432,0.001142,3,gnn_node:none,0.015381,58.1806,
cycle2_rmd17_multimolecule,rMD17,malonaldehyde,malonaldehyde,,gnn_node,graph,0.100000,8,0.008138,0.000680,3,gnn_node:none,0.017054,52.2816,
cycle2_rmd17_multimolecule,rMD17,malonaldehyde,malonaldehyde,,gnn_node,graph,0.100000,16,0.012962,0.002676,3,gnn_node:none,0.027569,52.9826,
cycle2_rmd17_multimolecule,rMD17,malonaldehyde,malonaldehyde,,gnn_node,graph,0.100000,32,0.034568,0.014847,3,gnn_node:none,0.068563,49.5828,
cycle2_rmd17_multimolecule,rMD17,malonaldehyde,malonaldehyde,,gnn_node,none,0.100000,1,0.012920,0.002923,3,,,,
cycle2_rmd17_multimolecule,rMD17,malonaldehyde,malonaldehyde,,gnn_node,none,0.100000,2,0.012531,0.002577,3,,,,
cycle2_rmd17_multimolecule,rMD17,malonaldehyde,malonaldehyde,,gnn_node,none,0.100000,4,0.015381,0.004378,3,,,,
cycle2_rmd17_multimolecule,rMD17,malonaldehyde,malonaldehyde,,gnn_node,none,0.100000,8,0.017054,0.005634,3,,,,
cycle2_rmd17_multimolecule,rMD17,malonaldehyde,malonaldehyde,,gnn_node,none,0.100000,16,0.027569,0.007543,3,,,,
cycle2_rmd17_multimolecule,rMD17,malonaldehyde,malonaldehyde,,gnn_node,none,0.100000,32,0.068563,0.018939,3,,,,
cycle2_rmd17_multimolecule,rMD17,malonaldehyde,malonaldehyde,,gnn_node,permuted_graph,0.100000,1,0.005332,0.001242,3,gnn_node:none,0.012920,58.7304,
cycle2_rmd17_multimolecule,rMD17,malonaldehyde,malonaldehyde,,gnn_node,permuted_graph,0.100000,2,0.005643,0.000725,3,gnn_node:none,0.012531,54.9678,
cycle2_rmd17_multimolecule,rMD17,malonaldehyde,malonaldehyde,,gnn_node,permuted_graph,0.100000,4,0.006260,0.001031,3,gnn_node:none,0.015381,59.3016,
cycle2_rmd17_multimolecule,rMD17,malonaldehyde,malonaldehyde,,gnn_node,permuted_graph,0.100000,8,0.008042,0.000887,3,gnn_node:none,0.017054,52.8462,
cycle2_rmd17_multimolecule,rMD17,malonaldehyde,malonaldehyde,,gnn_node,permuted_graph,0.100000,16,0.012397,0.002030,3,gnn_node:none,0.027569,55.0322,
cycle2_rmd17_multimolecule,rMD17,malonaldehyde,malonaldehyde,,gnn_node,permuted_graph,0.100000,32,0.030810,0.008209,3,gnn_node:none,0.068563,55.0641,
cycle2_rmd17_multimolecule,rMD17,malonaldehyde,malonaldehyde,,gnn_node,random_graph,0.100000,1,0.005364,0.001234,3,gnn_node:none,0.012920,58.4800,
cycle2_rmd17_multimolecule,rMD17,malonaldehyde,malonaldehyde,,gnn_node,random_graph,0.100000,2,0.005663,0.000706,3,gnn_node:none,0.012531,54.8066,
cycle2_rmd17_multimolecule,rMD17,malonaldehyde,malonaldehyde,,gnn_node,random_graph,0.100000,4,0.006269,0.000987,3,gnn_node:none,0.015381,59.2412,
cycle2_rmd17_multimolecule,rMD17,malonaldehyde,malonaldehyde,,gnn_node,random_graph,0.100000,8,0.008056,0.000844,3,gnn_node:none,0.017054,52.7618,
cycle2_rmd17_multimolecule,rMD17,malonaldehyde,malonaldehyde,,gnn_node,random_graph,0.100000,16,0.012414,0.002058,3,gnn_node:none,0.027569,54.9693,
cycle2_rmd17_multimolecule,rMD17,malonaldehyde,malonaldehyde,,gnn_node,random_graph,0.100000,32,0.030485,0.009122,3,gnn_node:none,0.068563,55.5378,
cycle2_rmd17_multimolecule,rMD17,malonaldehyde,malonaldehyde,,mlp_global,none,0.100000,1,0.023819,0.003018,3,,,,
cycle2_rmd17_multimolecule,rMD17,malonaldehyde,malonaldehyde,,mlp_global,none,0.100000,2,0.022916,0.003259,3,,,,
cycle2_rmd17_multimolecule,rMD17,malonaldehyde,malonaldehyde,,mlp_global,none,0.100000,4,0.025173,0.003047,3,,,,
cycle2_rmd17_multimolecule,rMD17,malonaldehyde,malonaldehyde,,mlp_global,none,0.100000,8,0.031659,0.004737,3,,,,
cycle2_rmd17_multimolecule,rMD17,malonaldehyde,malonaldehyde,,mlp_global,none,0.100000,16,0.052034,0.012275,3,,,,
cycle2_rmd17_multimolecule,rMD17,malonaldehyde,malonaldehyde,,mlp_global,none,0.100000,32,0.132886,0.038600,3,,,,
cycle2_rmd17_multimolecule,rMD17,naphthalene,naphthalene,,gnn_node,graph,0.100000,1,0.001912,0.000473,3,gnn_node:none,0.005211,63.3022,
cycle2_rmd17_multimolecule,rMD17,naphthalene,naphthalene,,gnn_node,graph,0.100000,2,0.002075,0.000339,3,gnn_node:none,0.005732,63.8040,
cycle2_rmd17_multimolecule,rMD17,naphthalene,naphthalene,,gnn_node,graph,0.100000,4,0.002459,0.000278,3,gnn_node:none,0.007735,68.2040,
cycle2_rmd17_multimolecule,rMD17,naphthalene,naphthalene,,gnn_node,graph,0.100000,8,0.003579,0.000649,3,gnn_node:none,0.012392,71.1199,
cycle2_rmd17_multimolecule,rMD17,naphthalene,naphthalene,,gnn_node,graph,0.100000,16,0.007376,0.002551,3,gnn_node:none,0.023644,68.8027,
cycle2_rmd17_multimolecule,rMD17,naphthalene,naphthalene,,gnn_node,graph,0.100000,32,0.021018,0.010882,3,gnn_node:none,0.063730,67.0205,
cycle2_rmd17_multimolecule,rMD17,naphthalene,naphthalene,,gnn_node,none,0.100000,1,0.005211,0.001144,3,,,,
cycle2_rmd17_multimolecule,rMD17,naphthalene,naphthalene,,gnn_node,none,0.100000,2,0.005732,0.000618,3,,,,
cycle2_rmd17_multimolecule,rMD17,naphthalene,naphthalene,,gnn_node,none,0.100000,4,0.007735,0.001982,3,,,,
cycle2_rmd17_multimolecule,rMD17,naphthalene,naphthalene,,gnn_node,none,0.100000,8,0.012392,0.003303,3,,,,
cycle2_rmd17_multimolecule,rMD17,naphthalene,naphthalene,,gnn_node,none,0.100000,16,0.023644,0.006357,3,,,,
cycle2_rmd17_multimolecule,rMD17,naphthalene,naphthalene,,gnn_node,none,0.100000,32,0.063730,0.021876,3,,,,
cycle2_rmd17_multimolecule,rMD17,naphthalene,naphthalene,,gnn_node,permuted_graph,0.100000,1,0.001868,0.000303,3,gnn_node:none,0.005211,64.1618,
cycle2_rmd17_multimolecule,rMD17,naphthalene,naphthalene,,gnn_node,permuted_graph,0.100000,2,0.001989,0.000157,3,gnn_node:none,0.005732,65.3019,
cycle2_rmd17_multimolecule,rMD17,naphthalene,naphthalene,,gnn_node,permuted_graph,0.100000,4,0.002441,0.000161,3,gnn_node:none,0.007735,68.4350,
cycle2_rmd17_multimolecule,rMD17,naphthalene,naphthalene,,gnn_node,permuted_graph,0.100000,8,0.003852,0.000576,3,gnn_node:none,0.012392,68.9186,
cycle2_rmd17_multimolecule,rMD17,naphthalene,naphthalene,,gnn_node,permuted_graph,0.100000,16,0.007963,0.002728,3,gnn_node:none,0.023644,66.3209,
cycle2_rmd17_multimolecule,rMD17,naphthalene,naphthalene,,gnn_node,permuted_graph,0.100000,32,0.022249,0.012532,3,gnn_node:none,0.063730,65.0885,
cycle2_rmd17_multimolecule,rMD17,naphthalene,naphthalene,,gnn_node,random_graph,0.100000,1,0.001893,0.000330,3,gnn_node:none,0.005211,63.6699,
cycle2_rmd17_multimolecule,rMD17,naphthalene,naphthalene,,gnn_node,random_graph,0.100000,2,0.002014,0.000184,3,gnn_node:none,0.005732,64.8742,
cycle2_rmd17_multimolecule,rMD17,naphthalene,naphthalene,,gnn_node,random_graph,0.100000,4,0.002459,0.000169,3,gnn_node:none,0.007735,68.2130,
cycle2_rmd17_multimolecule,rMD17,naphthalene,naphthalene,,gnn_node,random_graph,0.100000,8,0.003866,0.000678,3,gnn_node:none,0.012392,68.8026,
cycle2_rmd17_multimolecule,rMD17,naphthalene,naphthalene,,gnn_node,random_graph,0.100000,16,0.008044,0.002924,3,gnn_node:none,0.023644,65.9772,
cycle2_rmd17_multimolecule,rMD17,naphthalene,naphthalene,,gnn_node,random_graph,0.100000,32,0.023353,0.012225,3,gnn_node:none,0.063730,63.3570,
cycle2_rmd17_multimolecule,rMD17,naphthalene,naphthalene,,mlp_global,none,0.100000,1,0.009037,0.000470,3,,,,
cycle2_rmd17_multimolecule,rMD17,naphthalene,naphthalene,,mlp_global,none,0.100000,2,0.009581,0.000622,3,,,,
cycle2_rmd17_multimolecule,rMD17,naphthalene,naphthalene,,mlp_global,none,0.100000,4,0.010050,0.000761,3,,,,
cycle2_rmd17_multimolecule,rMD17,naphthalene,naphthalene,,mlp_global,none,0.100000,8,0.012893,0.001710,3,,,,
cycle2_rmd17_multimolecule,rMD17,naphthalene,naphthalene,,mlp_global,none,0.100000,16,0.023582,0.005194,3,,,,
cycle2_rmd17_multimolecule,rMD17,naphthalene,naphthalene,,mlp_global,none,0.100000,32,0.062987,0.014459,3,,,,
cycle2_rmd17_multimolecule,rMD17,toluene,toluene,,gnn_node,graph,0.100000,1,0.002979,0.000437,3,gnn_node:none,0.005501,45.8543,
cycle2_rmd17_multimolecule,rMD17,toluene,toluene,,gnn_node,graph,0.100000,2,0.003167,0.000531,3,gnn_node:none,0.006670,52.5181,
cycle2_rmd17_multimolecule,rMD17,toluene,toluene,,gnn_node,graph,0.100000,4,0.003497,0.000404,3,gnn_node:none,0.008217,57.4433,
cycle2_rmd17_multimolecule,rMD17,toluene,toluene,,gnn_node,graph,0.100000,8,0.004638,0.000450,3,gnn_node:none,0.013200,64.8662,
cycle2_rmd17_multimolecule,rMD17,toluene,toluene,,gnn_node,graph,0.100000,16,0.008906,0.002780,3,gnn_node:none,0.023563,62.2026,
cycle2_rmd17_multimolecule,rMD17,toluene,toluene,,gnn_node,graph,0.100000,32,0.032312,0.021015,3,gnn_node:none,0.060933,46.9712,
cycle2_rmd17_multimolecule,rMD17,toluene,toluene,,gnn_node,none,0.100000,1,0.005501,0.001038,3,,,,
cycle2_rmd17_multimolecule,rMD17,toluene,toluene,,gnn_node,none,0.100000,2,0.006670,0.001750,3,,,,
cycle2_rmd17_multimolecule,rMD17,toluene,toluene,,gnn_node,none,0.100000,4,0.008217,0.001765,3,,,,
cycle2_rmd17_multimolecule,rMD17,toluene,toluene,,gnn_node,none,0.100000,8,0.013200,0.003524,3,,,,
cycle2_rmd17_multimolecule,rMD17,toluene,toluene,,gnn_node,none,0.100000,16,0.023563,0.006231,3,,,,
cycle2_rmd17_multimolecule,rMD17,toluene,toluene,,gnn_node,none,0.100000,32,0.060933,0.022648,3,,,,
cycle2_rmd17_multimolecule,rMD17,toluene,toluene,,gnn_node,permuted_graph,0.100000,1,0.003185,0.000416,3,gnn_node:none,0.005501,42.1082,
cycle2_rmd17_multimolecule,rMD17,toluene,toluene,,gnn_node,permuted_graph,0.100000,2,0.003361,0.000463,3,gnn_node:none,0.006670,49.6122,
cycle2_rmd17_multimolecule,rMD17,toluene,toluene,,gnn_node,permuted_graph,0.100000,4,0.003668,0.000439,3,gnn_node:none,0.008217,55.3670,
cycle2_rmd17_multimolecule,rMD17,toluene,toluene,,gnn_node,permuted_graph,0.100000,8,0.004878,0.000377,3,gnn_node:none,0.013200,63.0417,
cycle2_rmd17_multimolecule,rMD17,toluene,toluene,,gnn_node,permuted_graph,0.100000,16,0.009287,0.002425,3,gnn_node:none,0.023563,60.5882,
cycle2_rmd17_multimolecule,rMD17,toluene,toluene,,gnn_node,permuted_graph,0.100000,32,0.028806,0.012533,3,gnn_node:none,0.060933,52.7247,
cycle2_rmd17_multimolecule,rMD17,toluene,toluene,,gnn_node,random_graph,0.100000,1,0.003139,0.000393,3,gnn_node:none,0.005501,42.9364,
cycle2_rmd17_multimolecule,rMD17,toluene,toluene,,gnn_node,random_graph,0.100000,2,0.003312,0.000456,3,gnn_node:none,0.006670,50.3398,
cycle2_rmd17_multimolecule,rMD17,toluene,toluene,,gnn_node,random_graph,0.100000,4,0.003628,0.000398,3,gnn_node:none,0.008217,55.8522,
cycle2_rmd17_multimolecule,rMD17,toluene,toluene,,gnn_node,random_graph,0.100000,8,0.004806,0.000351,3,gnn_node:none,0.013200,63.5894,
cycle2_rmd17_multimolecule,rMD17,toluene,toluene,,gnn_node,random_graph,0.100000,16,0.009192,0.002296,3,gnn_node:none,0.023563,60.9906,
cycle2_rmd17_multimolecule,rMD17,toluene,toluene,,gnn_node,random_graph,0.100000,32,0.029295,0.013626,3,gnn_node:none,0.060933,51.9230,
cycle2_rmd17_multimolecule,rMD17,toluene,toluene,,mlp_global,none,0.100000,1,0.014762,0.001989,3,,,,
cycle2_rmd17_multimolecule,rMD17,toluene,toluene,,mlp_global,none,0.100000,2,0.012827,0.001749,3,,,,
cycle2_rmd17_multimolecule,rMD17,toluene,toluene,,mlp_global,none,0.100000,4,0.015048,0.002853,3,,,,
cycle2_rmd17_multimolecule,rMD17,toluene,toluene,,mlp_global,none,0.100000,8,0.019603,0.003545,3,,,,
cycle2_rmd17_multimolecule,rMD17,toluene,toluene,,mlp_global,none,0.100000,16,0.036751,0.004882,3,,,,
cycle2_rmd17_multimolecule,rMD17,toluene,toluene,,mlp_global,none,0.100000,32,0.103851,0.023253,3,,,,
cycle3_ho_networks,HO,lattice,,lattice,gnn_node,covariance,0.100000,1,0.000769,0.000365,5,gnn_node:none,0.000763,-0.846499,
cycle3_ho_networks,HO,lattice,,lattice,gnn_node,covariance,0.100000,2,0.001523,0.000723,5,gnn_node:none,0.001509,-0.945498,
cycle3_ho_networks,HO,lattice,,lattice,gnn_node,covariance,0.100000,4,0.002990,0.001439,5,gnn_node:none,0.002958,-1.0952,
cycle3_ho_networks,HO,lattice,,lattice,gnn_node,covariance,0.100000,8,0.005894,0.002971,5,gnn_node:none,0.005817,-1.3156,
cycle3_ho_networks,HO,lattice,,lattice,gnn_node,covariance,0.100000,16,0.012499,0.006898,5,gnn_node:none,0.012306,-1.5637,
cycle3_ho_networks,HO,lattice,,lattice,gnn_node,covariance,0.100000,32,0.039068,0.021219,5,gnn_node:none,0.038459,-1.5836,
cycle3_ho_networks,HO,lattice,,lattice,gnn_node,graph,0.100000,1,0.000313,0.000107,5,gnn_node:none,0.000763,58.9208,Cycle 3 graph-prior lambda is implicit trainer default 0.1.
cycle3_ho_networks,HO,lattice,,lattice,gnn_node,graph,0.100000,2,0.000625,0.000213,5,gnn_node:none,0.001509,58.5870,Cycle 3 graph-prior lambda is implicit trainer default 0.1.
cycle3_ho_networks,HO,lattice,,lattice,gnn_node,graph,0.100000,4,0.001249,0.000426,5,gnn_node:none,0.002958,57.7684,Cycle 3 graph-prior lambda is implicit trainer default 0.1.
cycle3_ho_networks,HO,lattice,,lattice,gnn_node,graph,0.100000,8,0.002546,0.000865,5,gnn_node:none,0.005817,56.2421,Cycle 3 graph-prior lambda is implicit trainer default 0.1.
cycle3_ho_networks,HO,lattice,,lattice,gnn_node,graph,0.100000,16,0.005634,0.001836,5,gnn_node:none,0.012306,54.2169,Cycle 3 graph-prior lambda is implicit trainer default 0.1.
cycle3_ho_networks,HO,lattice,,lattice,gnn_node,graph,0.100000,32,0.016907,0.005387,5,gnn_node:none,0.038459,56.0395,Cycle 3 graph-prior lambda is implicit trainer default 0.1.
cycle3_ho_networks,HO,lattice,,lattice,gnn_node,none,0.100000,1,0.000763,0.000367,5,,,,
cycle3_ho_networks,HO,lattice,,lattice,gnn_node,none,0.100000,2,0.001509,0.000728,5,,,,
cycle3_ho_networks,HO,lattice,,lattice,gnn_node,none,0.100000,4,0.002958,0.001450,5,,,,
cycle3_ho_networks,HO,lattice,,lattice,gnn_node,none,0.100000,8,0.005817,0.002996,5,,,,
cycle3_ho_networks,HO,lattice,,lattice,gnn_node,none,0.100000,16,0.012306,0.006939,5,,,,
cycle3_ho_networks,HO,lattice,,lattice,gnn_node,none,0.100000,32,0.038459,0.021484,5,,,,
cycle3_ho_networks,HO,lattice,,lattice,gnn_node,permuted_graph,0.100000,1,0.000354,0.000096,5,gnn_node:none,0.000763,53.5732,Cycle 3 graph-prior lambda is implicit trainer default 0.1.
cycle3_ho_networks,HO,lattice,,lattice,gnn_node,permuted_graph,0.100000,2,0.000708,0.000190,5,gnn_node:none,0.001509,53.0772,Cycle 3 graph-prior lambda is implicit trainer default 0.1.
cycle3_ho_networks,HO,lattice,,lattice,gnn_node,permuted_graph,0.100000,4,0.001423,0.000376,5,gnn_node:none,0.002958,51.8880,Cycle 3 graph-prior lambda is implicit trainer default 0.1.
cycle3_ho_networks,HO,lattice,,lattice,gnn_node,permuted_graph,0.100000,8,0.002936,0.000763,5,gnn_node:none,0.005817,49.5380,Cycle 3 graph-prior lambda is implicit trainer default 0.1.
cycle3_ho_networks,HO,lattice,,lattice,gnn_node,permuted_graph,0.100000,16,0.006634,0.001644,5,gnn_node:none,0.012306,46.0894,Cycle 3 graph-prior lambda is implicit trainer default 0.1.
cycle3_ho_networks,HO,lattice,,lattice,gnn_node,permuted_graph,0.100000,32,0.019773,0.005892,5,gnn_node:none,0.038459,48.5861,Cycle 3 graph-prior lambda is implicit trainer default 0.1.
cycle3_ho_networks,HO,lattice,,lattice,gnn_node,random_graph,0.100000,1,0.000355,0.000097,5,gnn_node:none,0.000763,53.4305,Cycle 3 graph-prior lambda is implicit trainer default 0.1.
cycle3_ho_networks,HO,lattice,,lattice,gnn_node,random_graph,0.100000,2,0.000710,0.000192,5,gnn_node:none,0.001509,52.9364,Cycle 3 graph-prior lambda is implicit trainer default 0.1.
cycle3_ho_networks,HO,lattice,,lattice,gnn_node,random_graph,0.100000,4,0.001427,0.000379,5,gnn_node:none,0.002958,51.7676,Cycle 3 graph-prior lambda is implicit trainer default 0.1.
cycle3_ho_networks,HO,lattice,,lattice,gnn_node,random_graph,0.100000,8,0.002943,0.000766,5,gnn_node:none,0.005817,49.4152,Cycle 3 graph-prior lambda is implicit trainer default 0.1.
cycle3_ho_networks,HO,lattice,,lattice,gnn_node,random_graph,0.100000,16,0.006661,0.001644,5,gnn_node:none,0.012306,45.8737,Cycle 3 graph-prior lambda is implicit trainer default 0.1.
cycle3_ho_networks,HO,lattice,,lattice,gnn_node,random_graph,0.100000,32,0.019872,0.006186,5,gnn_node:none,0.038459,48.3298,Cycle 3 graph-prior lambda is implicit trainer default 0.1.
cycle3_ho_networks,HO,random,,random,gnn_node,covariance,0.100000,1,0.000759,0.000198,5,gnn_node:none,0.000742,-2.2841,
cycle3_ho_networks,HO,random,,random,gnn_node,covariance,0.100000,2,0.001501,0.000387,5,gnn_node:none,0.001469,-2.1419,
cycle3_ho_networks,HO,random,,random,gnn_node,covariance,0.100000,4,0.002934,0.000744,5,gnn_node:none,0.002878,-1.9159,
cycle3_ho_networks,HO,random,,random,gnn_node,covariance,0.100000,8,0.005675,0.001478,5,gnn_node:none,0.005586,-1.5878,
cycle3_ho_networks,HO,random,,random,gnn_node,covariance,0.100000,16,0.011594,0.003521,5,gnn_node:none,0.011442,-1.3323,
cycle3_ho_networks,HO,random,,random,gnn_node,covariance,0.100000,32,0.035888,0.017863,5,gnn_node:none,0.036058,0.470932,
cycle3_ho_networks,HO,random,,random,gnn_node,graph,0.100000,1,0.000317,0.000119,5,gnn_node:none,0.000742,57.3699,Cycle 3 graph-prior lambda is implicit trainer default 0.1.
cycle3_ho_networks,HO,random,,random,gnn_node,graph,0.100000,2,0.000632,0.000239,5,gnn_node:none,0.001469,56.9622,Cycle 3 graph-prior lambda is implicit trainer default 0.1.
cycle3_ho_networks,HO,random,,random,gnn_node,graph,0.100000,4,0.001269,0.000484,5,gnn_node:none,0.002878,55.9177,Cycle 3 graph-prior lambda is implicit trainer default 0.1.
cycle3_ho_networks,HO,random,,random,gnn_node,graph,0.100000,8,0.002597,0.001018,5,gnn_node:none,0.005586,53.5133,Cycle 3 graph-prior lambda is implicit trainer default 0.1.
cycle3_ho_networks,HO,random,,random,gnn_node,graph,0.100000,16,0.005738,0.002436,5,gnn_node:none,0.011442,49.8473,Cycle 3 graph-prior lambda is implicit trainer default 0.1.
cycle3_ho_networks,HO,random,,random,gnn_node,graph,0.100000,32,0.017234,0.008976,5,gnn_node:none,0.036058,52.2029,Cycle 3 graph-prior lambda is implicit trainer default 0.1.
cycle3_ho_networks,HO,random,,random,gnn_node,none,0.100000,1,0.000742,0.000193,5,,,,
cycle3_ho_networks,HO,random,,random,gnn_node,none,0.100000,2,0.001469,0.000374,5,,,,
cycle3_ho_networks,HO,random,,random,gnn_node,none,0.100000,4,0.002878,0.000710,5,,,,
cycle3_ho_networks,HO,random,,random,gnn_node,none,0.100000,8,0.005586,0.001369,5,,,,
cycle3_ho_networks,HO,random,,random,gnn_node,none,0.100000,16,0.011442,0.002888,5,,,,
cycle3_ho_networks,HO,random,,random,gnn_node,none,0.100000,32,0.036058,0.012690,5,,,,
cycle3_ho_networks,HO,random,,random,gnn_node,permuted_graph,0.100000,1,0.000360,0.000056,5,gnn_node:none,0.000742,51.5331,Cycle 3 graph-prior lambda is implicit trainer default 0.1.
cycle3_ho_networks,HO,random,,random,gnn_node,permuted_graph,0.100000,2,0.000720,0.000112,5,gnn_node:none,0.001469,51.0357,Cycle 3 graph-prior lambda is implicit trainer default 0.1.
cycle3_ho_networks,HO,random,,random,gnn_node,permuted_graph,0.100000,4,0.001446,0.000225,5,gnn_node:none,0.002878,49.7702,Cycle 3 graph-prior lambda is implicit trainer default 0.1.
cycle3_ho_networks,HO,random,,random,gnn_node,permuted_graph,0.100000,8,0.002967,0.000471,5,gnn_node:none,0.005586,46.8980,Cycle 3 graph-prior lambda is implicit trainer default 0.1.
cycle3_ho_networks,HO,random,,random,gnn_node,permuted_graph,0.100000,16,0.006590,0.001138,5,gnn_node:none,0.011442,42.4073,Cycle 3 graph-prior lambda is implicit trainer default 0.1.
cycle3_ho_networks,HO,random,,random,gnn_node,permuted_graph,0.100000,32,0.018687,0.006629,5,gnn_node:none,0.036058,48.1740,Cycle 3 graph-prior lambda is implicit trainer default 0.1.
cycle3_ho_networks,HO,random,,random,gnn_node,random_graph,0.100000,1,0.000360,0.000071,5,gnn_node:none,0.000742,51.5692,Cycle 3 graph-prior lambda is implicit trainer default 0.1.
cycle3_ho_networks,HO,random,,random,gnn_node,random_graph,0.100000,2,0.000718,0.000143,5,gnn_node:none,0.001469,51.1482,Cycle 3 graph-prior lambda is implicit trainer default 0.1.
cycle3_ho_networks,HO,random,,random,gnn_node,random_graph,0.100000,4,0.001439,0.000291,5,gnn_node:none,0.002878,50.0206,Cycle 3 graph-prior lambda is implicit trainer default 0.1.
cycle3_ho_networks,HO,random,,random,gnn_node,random_graph,0.100000,8,0.002936,0.000622,5,gnn_node:none,0.005586,47.4412,Cycle 3 graph-prior lambda is implicit trainer default 0.1.
cycle3_ho_networks,HO,random,,random,gnn_node,random_graph,0.100000,16,0.006482,0.001487,5,gnn_node:none,0.011442,43.3448,Cycle 3 graph-prior lambda is implicit trainer default 0.1.
cycle3_ho_networks,HO,random,,random,gnn_node,random_graph,0.100000,32,0.018572,0.006866,5,gnn_node:none,0.036058,48.4936,Cycle 3 graph-prior lambda is implicit trainer default 0.1.
cycle3_ho_networks,HO,scalefree,,scalefree,gnn_node,covariance,0.100000,1,0.000939,0.000254,5,gnn_node:none,0.000919,-2.1731,
cycle3_ho_networks,HO,scalefree,,scalefree,gnn_node,covariance,0.100000,2,0.001859,0.000500,5,gnn_node:none,0.001817,-2.3140,
cycle3_ho_networks,HO,scalefree,,scalefree,gnn_node,covariance,0.100000,4,0.003621,0.000966,5,gnn_node:none,0.003535,-2.4433,
cycle3_ho_networks,HO,scalefree,,scalefree,gnn_node,covariance,0.100000,8,0.006902,0.001906,5,gnn_node:none,0.006741,-2.4002,
cycle3_ho_networks,HO,scalefree,,scalefree,gnn_node,covariance,0.100000,16,0.013294,0.003995,5,gnn_node:none,0.013120,-1.3310,
cycle3_ho_networks,HO,scalefree,,scalefree,gnn_node,covariance,0.100000,32,0.037045,0.018243,5,gnn_node:none,0.037339,0.787949,
cycle3_ho_networks,HO,scalefree,,scalefree,gnn_node,graph,0.100000,1,0.000303,0.000123,5,gnn_node:none,0.000919,67.0052,Cycle 3 graph-prior lambda is implicit trainer default 0.1.
cycle3_ho_networks,HO,scalefree,,scalefree,gnn_node,graph,0.100000,2,0.000601,0.000244,5,gnn_node:none,0.001817,66.9113,Cycle 3 graph-prior lambda is implicit trainer default 0.1.
cycle3_ho_networks,HO,scalefree,,scalefree,gnn_node,graph,0.100000,4,0.001190,0.000486,5,gnn_node:none,0.003535,66.3359,Cycle 3 graph-prior lambda is implicit trainer default 0.1.
cycle3_ho_networks,HO,scalefree,,scalefree,gnn_node,graph,0.100000,8,0.002378,0.000986,5,gnn_node:none,0.006741,64.7193,Cycle 3 graph-prior lambda is implicit trainer default 0.1.
cycle3_ho_networks,HO,scalefree,,scalefree,gnn_node,graph,0.100000,16,0.005172,0.002178,5,gnn_node:none,0.013120,60.5767,Cycle 3 graph-prior lambda is implicit trainer default 0.1.
cycle3_ho_networks,HO,scalefree,,scalefree,gnn_node,graph,0.100000,32,0.016732,0.008866,5,gnn_node:none,0.037339,55.1893,Cycle 3 graph-prior lambda is implicit trainer default 0.1.
cycle3_ho_networks,HO,scalefree,,scalefree,gnn_node,none,0.100000,1,0.000919,0.000250,5,,,,
cycle3_ho_networks,HO,scalefree,,scalefree,gnn_node,none,0.100000,2,0.001817,0.000490,5,,,,
cycle3_ho_networks,HO,scalefree,,scalefree,gnn_node,none,0.100000,4,0.003535,0.000940,5,,,,
cycle3_ho_networks,HO,scalefree,,scalefree,gnn_node,none,0.100000,8,0.006741,0.001844,5,,,,
cycle3_ho_networks,HO,scalefree,,scalefree,gnn_node,none,0.100000,16,0.013120,0.003990,5,,,,
cycle3_ho_networks,HO,scalefree,,scalefree,gnn_node,none,0.100000,32,0.037339,0.018732,5,,,,
cycle3_ho_networks,HO,scalefree,,scalefree,gnn_node,permuted_graph,0.100000,1,0.000339,0.000074,5,gnn_node:none,0.000919,63.1531,Cycle 3 graph-prior lambda is implicit trainer default 0.1.
cycle3_ho_networks,HO,scalefree,,scalefree,gnn_node,permuted_graph,0.100000,2,0.000673,0.000149,5,gnn_node:none,0.001817,62.9307,Cycle 3 graph-prior lambda is implicit trainer default 0.1.
cycle3_ho_networks,HO,scalefree,,scalefree,gnn_node,permuted_graph,0.100000,4,0.001340,0.000302,5,gnn_node:none,0.003535,62.1051,Cycle 3 graph-prior lambda is implicit trainer default 0.1.
cycle3_ho_networks,HO,scalefree,,scalefree,gnn_node,permuted_graph,0.100000,8,0.002690,0.000624,5,gnn_node:none,0.006741,60.0918,Cycle 3 graph-prior lambda is implicit trainer default 0.1.
cycle3_ho_networks,HO,scalefree,,scalefree,gnn_node,permuted_graph,0.100000,16,0.005715,0.001414,5,gnn_node:none,0.013120,56.4374,Cycle 3 graph-prior lambda is implicit trainer default 0.1.
cycle3_ho_networks,HO,scalefree,,scalefree,gnn_node,permuted_graph,0.100000,32,0.015724,0.005068,5,gnn_node:none,0.037339,57.8878,Cycle 3 graph-prior lambda is implicit trainer default 0.1.
cycle3_ho_networks,HO,scalefree,,scalefree,gnn_node,random_graph,0.100000,1,0.000333,0.000074,5,gnn_node:none,0.000919,63.7203,Cycle 3 graph-prior lambda is implicit trainer default 0.1.
cycle3_ho_networks,HO,scalefree,,scalefree,gnn_node,random_graph,0.100000,2,0.000664,0.000148,5,gnn_node:none,0.001817,63.4598,Cycle 3 graph-prior lambda is implicit trainer default 0.1.
cycle3_ho_networks,HO,scalefree,,scalefree,gnn_node,random_graph,0.100000,4,0.001323,0.000299,5,gnn_node:none,0.003535,62.5676,Cycle 3 graph-prior lambda is implicit trainer default 0.1.
cycle3_ho_networks,HO,scalefree,,scalefree,gnn_node,random_graph,0.100000,8,0.002671,0.000617,5,gnn_node:none,0.006741,60.3758,Cycle 3 graph-prior lambda is implicit trainer default 0.1.
cycle3_ho_networks,HO,scalefree,,scalefree,gnn_node,random_graph,0.100000,16,0.005715,0.001397,5,gnn_node:none,0.013120,56.4392,Cycle 3 graph-prior lambda is implicit trainer default 0.1.
cycle3_ho_networks,HO,scalefree,,scalefree,gnn_node,random_graph,0.100000,32,0.015813,0.004846,5,gnn_node:none,0.037339,57.6494,Cycle 3 graph-prior lambda is implicit trainer default 0.1.
cycle4_ho_lambda_robustness,HO,lattice,,lattice,gnn_node,graph,0.001000,1,0.000576,0.000157,3,,,,
cycle4_ho_lambda_robustness,HO,lattice,,lattice,gnn_node,graph,0.001000,2,0.001156,0.000303,3,,,,
cycle4_ho_lambda_robustness,HO,lattice,,lattice,gnn_node,graph,0.001000,4,0.002341,0.000558,3,,,,
cycle4_ho_lambda_robustness,HO,lattice,,lattice,gnn_node,graph,0.001000,8,0.004941,0.000906,3,,,,
cycle4_ho_lambda_robustness,HO,lattice,,lattice,gnn_node,graph,0.001000,16,0.011704,0.001389,3,,,,
cycle4_ho_lambda_robustness,HO,lattice,,lattice,gnn_node,graph,0.001000,32,0.038075,0.003345,3,,,,
cycle4_ho_lambda_robustness,HO,lattice,,lattice,gnn_node,permuted_graph,0.001000,1,0.000626,0.000356,3,,,,
cycle4_ho_lambda_robustness,HO,lattice,,lattice,gnn_node,permuted_graph,0.001000,2,0.001249,0.000706,3,,,,
cycle4_ho_lambda_robustness,HO,lattice,,lattice,gnn_node,permuted_graph,0.001000,4,0.002490,0.001384,3,,,,
cycle4_ho_lambda_robustness,HO,lattice,,lattice,gnn_node,permuted_graph,0.001000,8,0.004966,0.002688,3,,,,
cycle4_ho_lambda_robustness,HO,lattice,,lattice,gnn_node,permuted_graph,0.001000,16,0.010326,0.005382,3,,,,
cycle4_ho_lambda_robustness,HO,lattice,,lattice,gnn_node,permuted_graph,0.001000,32,0.028496,0.015697,3,,,,
cycle4_ho_lambda_robustness,HO,lattice,,lattice,gnn_node,random_graph,0.001000,1,0.000615,0.000318,3,,,,
cycle4_ho_lambda_robustness,HO,lattice,,lattice,gnn_node,random_graph,0.001000,2,0.001226,0.000630,3,,,,
cycle4_ho_lambda_robustness,HO,lattice,,lattice,gnn_node,random_graph,0.001000,4,0.002441,0.001237,3,,,,
cycle4_ho_lambda_robustness,HO,lattice,,lattice,gnn_node,random_graph,0.001000,8,0.004889,0.002424,3,,,,
cycle4_ho_lambda_robustness,HO,lattice,,lattice,gnn_node,random_graph,0.001000,16,0.010346,0.005024,3,,,,
cycle4_ho_lambda_robustness,HO,lattice,,lattice,gnn_node,random_graph,0.001000,32,0.030138,0.015861,3,,,,
cycle4_ho_lambda_robustness,HO,lattice,,lattice,gnn_node,graph,0.005000,1,0.000478,0.000108,3,,,,
cycle4_ho_lambda_robustness,HO,lattice,,lattice,gnn_node,graph,0.005000,2,0.000951,0.000211,3,,,,
cycle4_ho_lambda_robustness,HO,lattice,,lattice,gnn_node,graph,0.005000,4,0.001891,0.000413,3,,,,
cycle4_ho_lambda_robustness,HO,lattice,,lattice,gnn_node,graph,0.005000,8,0.003815,0.000844,3,,,,
cycle4_ho_lambda_robustness,HO,lattice,,lattice,gnn_node,graph,0.005000,16,0.008218,0.001947,3,,,,
cycle4_ho_lambda_robustness,HO,lattice,,lattice,gnn_node,graph,0.005000,32,0.021947,0.006199,3,,,,
cycle4_ho_lambda_robustness,HO,lattice,,lattice,gnn_node,permuted_graph,0.005000,1,0.000365,0.000048,3,,,,
cycle4_ho_lambda_robustness,HO,lattice,,lattice,gnn_node,permuted_graph,0.005000,2,0.000729,0.000098,3,,,,
cycle4_ho_lambda_robustness,HO,lattice,,lattice,gnn_node,permuted_graph,0.005000,4,0.001451,0.000210,3,,,,
cycle4_ho_lambda_robustness,HO,lattice,,lattice,gnn_node,permuted_graph,0.005000,8,0.002920,0.000491,3,,,,
cycle4_ho_lambda_robustness,HO,lattice,,lattice,gnn_node,permuted_graph,0.005000,16,0.006236,0.001440,3,,,,
cycle4_ho_lambda_robustness,HO,lattice,,lattice,gnn_node,permuted_graph,0.005000,32,0.017117,0.006248,3,,,,
cycle4_ho_lambda_robustness,HO,lattice,,lattice,gnn_node,random_graph,0.005000,1,0.000403,0.000066,3,,,,
cycle4_ho_lambda_robustness,HO,lattice,,lattice,gnn_node,random_graph,0.005000,2,0.000799,0.000125,3,,,,
cycle4_ho_lambda_robustness,HO,lattice,,lattice,gnn_node,random_graph,0.005000,4,0.001574,0.000234,3,,,,
cycle4_ho_lambda_robustness,HO,lattice,,lattice,gnn_node,random_graph,0.005000,8,0.003100,0.000472,3,,,,
cycle4_ho_lambda_robustness,HO,lattice,,lattice,gnn_node,random_graph,0.005000,16,0.006466,0.001440,3,,,,
cycle4_ho_lambda_robustness,HO,lattice,,lattice,gnn_node,random_graph,0.005000,32,0.019401,0.007937,3,,,,
cycle4_ho_lambda_robustness,HO,lattice,,lattice,gnn_node,graph,0.010000,1,0.000331,0.000056,3,,,,
cycle4_ho_lambda_robustness,HO,lattice,,lattice,gnn_node,graph,0.010000,2,0.000658,0.000106,3,,,,
cycle4_ho_lambda_robustness,HO,lattice,,lattice,gnn_node,graph,0.010000,4,0.001302,0.000198,3,,,,
cycle4_ho_lambda_robustness,HO,lattice,,lattice,gnn_node,graph,0.010000,8,0.002603,0.000399,3,,,,
cycle4_ho_lambda_robustness,HO,lattice,,lattice,gnn_node,graph,0.010000,16,0.005693,0.001279,3,,,,
cycle4_ho_lambda_robustness,HO,lattice,,lattice,gnn_node,graph,0.010000,32,0.018150,0.010165,3,,,,
cycle4_ho_lambda_robustness,HO,lattice,,lattice,gnn_node,permuted_graph,0.010000,1,0.000248,0.000074,3,,,,
cycle4_ho_lambda_robustness,HO,lattice,,lattice,gnn_node,permuted_graph,0.010000,2,0.000489,0.000146,3,,,,
cycle4_ho_lambda_robustness,HO,lattice,,lattice,gnn_node,permuted_graph,0.010000,4,0.000957,0.000283,3,,,,
cycle4_ho_lambda_robustness,HO,lattice,,lattice,gnn_node,permuted_graph,0.010000,8,0.001850,0.000548,3,,,,
cycle4_ho_lambda_robustness,HO,lattice,,lattice,gnn_node,permuted_graph,0.010000,16,0.003632,0.001101,3,,,,
cycle4_ho_lambda_robustness,HO,lattice,,lattice,gnn_node,permuted_graph,0.010000,32,0.009311,0.003250,3,,,,
cycle4_ho_lambda_robustness,HO,lattice,,lattice,gnn_node,random_graph,0.010000,1,0.000249,0.000073,3,,,,
cycle4_ho_lambda_robustness,HO,lattice,,lattice,gnn_node,random_graph,0.010000,2,0.000492,0.000145,3,,,,
cycle4_ho_lambda_robustness,HO,lattice,,lattice,gnn_node,random_graph,0.010000,4,0.000964,0.000285,3,,,,
cycle4_ho_lambda_robustness,HO,lattice,,lattice,gnn_node,random_graph,0.010000,8,0.001873,0.000566,3,,,,
cycle4_ho_lambda_robustness,HO,lattice,,lattice,gnn_node,random_graph,0.010000,16,0.003729,0.001227,3,,,,
cycle4_ho_lambda_robustness,HO,lattice,,lattice,gnn_node,random_graph,0.010000,32,0.009801,0.004928,3,,,,
cycle4_ho_lambda_robustness,HO,lattice,,lattice,gnn_node,graph,0.050000,1,0.000276,0.000102,3,,,,
cycle4_ho_lambda_robustness,HO,lattice,,lattice,gnn_node,graph,0.050000,2,0.000548,0.000201,3,,,,
cycle4_ho_lambda_robustness,HO,lattice,,lattice,gnn_node,graph,0.050000,4,0.001086,0.000393,3,,,,
cycle4_ho_lambda_robustness,HO,lattice,,lattice,gnn_node,graph,0.050000,8,0.002173,0.000793,3,,,,
cycle4_ho_lambda_robustness,HO,lattice,,lattice,gnn_node,graph,0.050000,16,0.004786,0.002001,3,,,,
cycle4_ho_lambda_robustness,HO,lattice,,lattice,gnn_node,graph,0.050000,32,0.016561,0.011412,3,,,,
cycle4_ho_lambda_robustness,HO,lattice,,lattice,gnn_node,permuted_graph,0.050000,1,0.000284,0.000072,3,,,,
cycle4_ho_lambda_robustness,HO,lattice,,lattice,gnn_node,permuted_graph,0.050000,2,0.000566,0.000145,3,,,,
cycle4_ho_lambda_robustness,HO,lattice,,lattice,gnn_node,permuted_graph,0.050000,4,0.001129,0.000297,3,,,,
cycle4_ho_lambda_robustness,HO,lattice,,lattice,gnn_node,permuted_graph,0.050000,8,0.002293,0.000632,3,,,,
cycle4_ho_lambda_robustness,HO,lattice,,lattice,gnn_node,permuted_graph,0.050000,16,0.005145,0.001588,3,,,,
cycle4_ho_lambda_robustness,HO,lattice,,lattice,gnn_node,permuted_graph,0.050000,32,0.016610,0.008072,3,,,,
cycle4_ho_lambda_robustness,HO,lattice,,lattice,gnn_node,random_graph,0.050000,1,0.000293,0.000073,3,,,,
cycle4_ho_lambda_robustness,HO,lattice,,lattice,gnn_node,random_graph,0.050000,2,0.000584,0.000146,3,,,,
cycle4_ho_lambda_robustness,HO,lattice,,lattice,gnn_node,random_graph,0.050000,4,0.001165,0.000298,3,,,,
cycle4_ho_lambda_robustness,HO,lattice,,lattice,gnn_node,random_graph,0.050000,8,0.002368,0.000644,3,,,,
cycle4_ho_lambda_robustness,HO,lattice,,lattice,gnn_node,random_graph,0.050000,16,0.005300,0.001676,3,,,,
cycle4_ho_lambda_robustness,HO,lattice,,lattice,gnn_node,random_graph,0.050000,32,0.017306,0.008210,3,,,,
cycle4_ho_lambda_robustness,HO,scalefree,,scalefree,gnn_node,graph,0.001000,1,0.000600,0.000072,3,,,,
cycle4_ho_lambda_robustness,HO,scalefree,,scalefree,gnn_node,graph,0.001000,2,0.001180,0.000141,3,,,,
cycle4_ho_lambda_robustness,HO,scalefree,,scalefree,gnn_node,graph,0.001000,4,0.002302,0.000264,3,,,,
cycle4_ho_lambda_robustness,HO,scalefree,,scalefree,gnn_node,graph,0.001000,8,0.004353,0.000477,3,,,,
cycle4_ho_lambda_robustness,HO,scalefree,,scalefree,gnn_node,graph,0.001000,16,0.008484,0.001563,3,,,,
cycle4_ho_lambda_robustness,HO,scalefree,,scalefree,gnn_node,graph,0.001000,32,0.023032,0.007686,3,,,,
cycle4_ho_lambda_robustness,HO,scalefree,,scalefree,gnn_node,permuted_graph,0.001000,1,0.000688,0.000405,3,,,,
cycle4_ho_lambda_robustness,HO,scalefree,,scalefree,gnn_node,permuted_graph,0.001000,2,0.001373,0.000801,3,,,,
cycle4_ho_lambda_robustness,HO,scalefree,,scalefree,gnn_node,permuted_graph,0.001000,4,0.002758,0.001595,3,,,,
cycle4_ho_lambda_robustness,HO,scalefree,,scalefree,gnn_node,permuted_graph,0.001000,8,0.005638,0.003251,3,,,,
cycle4_ho_lambda_robustness,HO,scalefree,,scalefree,gnn_node,permuted_graph,0.001000,16,0.012661,0.007075,3,,,,
cycle4_ho_lambda_robustness,HO,scalefree,,scalefree,gnn_node,permuted_graph,0.001000,32,0.035353,0.016309,3,,,,
cycle4_ho_lambda_robustness,HO,scalefree,,scalefree,gnn_node,random_graph,0.001000,1,0.000668,0.000340,3,,,,
cycle4_ho_lambda_robustness,HO,scalefree,,scalefree,gnn_node,random_graph,0.001000,2,0.001346,0.000691,3,,,,
cycle4_ho_lambda_robustness,HO,scalefree,,scalefree,gnn_node,random_graph,0.001000,4,0.002756,0.001437,3,,,,
cycle4_ho_lambda_robustness,HO,scalefree,,scalefree,gnn_node,random_graph,0.001000,8,0.005801,0.003066,3,,,,
cycle4_ho_lambda_robustness,HO,scalefree,,scalefree,gnn_node,random_graph,0.001000,16,0.013392,0.006666,3,,,,
cycle4_ho_lambda_robustness,HO,scalefree,,scalefree,gnn_node,random_graph,0.001000,32,0.039290,0.014870,3,,,,
cycle4_ho_lambda_robustness,HO,scalefree,,scalefree,gnn_node,graph,0.005000,1,0.000490,0.000053,3,,,,
cycle4_ho_lambda_robustness,HO,scalefree,,scalefree,gnn_node,graph,0.005000,2,0.000979,0.000107,3,,,,
cycle4_ho_lambda_robustness,HO,scalefree,,scalefree,gnn_node,graph,0.005000,4,0.001967,0.000228,3,,,,
cycle4_ho_lambda_robustness,HO,scalefree,,scalefree,gnn_node,graph,0.005000,8,0.004059,0.000546,3,,,,
cycle4_ho_lambda_robustness,HO,scalefree,,scalefree,gnn_node,graph,0.005000,16,0.009542,0.001581,3,,,,
cycle4_ho_lambda_robustness,HO,scalefree,,scalefree,gnn_node,graph,0.005000,32,0.033702,0.011975,3,,,,
cycle4_ho_lambda_robustness,HO,scalefree,,scalefree,gnn_node,permuted_graph,0.005000,1,0.000432,0.000113,3,,,,
cycle4_ho_lambda_robustness,HO,scalefree,,scalefree,gnn_node,permuted_graph,0.005000,2,0.000853,0.000229,3,,,,
cycle4_ho_lambda_robustness,HO,scalefree,,scalefree,gnn_node,permuted_graph,0.005000,4,0.001671,0.000464,3,,,,
cycle4_ho_lambda_robustness,HO,scalefree,,scalefree,gnn_node,permuted_graph,0.005000,8,0.003235,0.000955,3,,,,
cycle4_ho_lambda_robustness,HO,scalefree,,scalefree,gnn_node,permuted_graph,0.005000,16,0.006323,0.001777,3,,,,
cycle4_ho_lambda_robustness,HO,scalefree,,scalefree,gnn_node,permuted_graph,0.005000,32,0.015659,0.002848,3,,,,
cycle4_ho_lambda_robustness,HO,scalefree,,scalefree,gnn_node,random_graph,0.005000,1,0.000436,0.000072,3,,,,
cycle4_ho_lambda_robustness,HO,scalefree,,scalefree,gnn_node,random_graph,0.005000,2,0.000857,0.000143,3,,,,
cycle4_ho_lambda_robustness,HO,scalefree,,scalefree,gnn_node,random_graph,0.005000,4,0.001661,0.000278,3,,,,
cycle4_ho_lambda_robustness,HO,scalefree,,scalefree,gnn_node,random_graph,0.005000,8,0.003145,0.000531,3,,,,
cycle4_ho_lambda_robustness,HO,scalefree,,scalefree,gnn_node,random_graph,0.005000,16,0.005942,0.000934,3,,,,
cycle4_ho_lambda_robustness,HO,scalefree,,scalefree,gnn_node,random_graph,0.005000,32,0.014750,0.002370,3,,,,
cycle4_ho_lambda_robustness,HO,scalefree,,scalefree,gnn_node,graph,0.010000,1,0.000400,0.000134,3,,,,
cycle4_ho_lambda_robustness,HO,scalefree,,scalefree,gnn_node,graph,0.010000,2,0.000790,0.000260,3,,,,
cycle4_ho_lambda_robustness,HO,scalefree,,scalefree,gnn_node,graph,0.010000,4,0.001546,0.000496,3,,,,
cycle4_ho_lambda_robustness,HO,scalefree,,scalefree,gnn_node,graph,0.010000,8,0.002987,0.000919,3,,,,
cycle4_ho_lambda_robustness,HO,scalefree,,scalefree,gnn_node,graph,0.010000,16,0.005889,0.001622,3,,,,
cycle4_ho_lambda_robustness,HO,scalefree,,scalefree,gnn_node,graph,0.010000,32,0.012966,0.002803,3,,,,
cycle4_ho_lambda_robustness,HO,scalefree,,scalefree,gnn_node,permuted_graph,0.010000,1,0.000319,0.000057,3,,,,
cycle4_ho_lambda_robustness,HO,scalefree,,scalefree,gnn_node,permuted_graph,0.010000,2,0.000632,0.000115,3,,,,
cycle4_ho_lambda_robustness,HO,scalefree,,scalefree,gnn_node,permuted_graph,0.010000,4,0.001251,0.000231,3,,,,
cycle4_ho_lambda_robustness,HO,scalefree,,scalefree,gnn_node,permuted_graph,0.010000,8,0.002497,0.000443,3,,,,
cycle4_ho_lambda_robustness,HO,scalefree,,scalefree,gnn_node,permuted_graph,0.010000,16,0.005182,0.000631,3,,,,
cycle4_ho_lambda_robustness,HO,scalefree,,scalefree,gnn_node,permuted_graph,0.010000,32,0.013968,0.001419,3,,,,
cycle4_ho_lambda_robustness,HO,scalefree,,scalefree,gnn_node,random_graph,0.010000,1,0.000384,0.000140,3,,,,
cycle4_ho_lambda_robustness,HO,scalefree,,scalefree,gnn_node,random_graph,0.010000,2,0.000756,0.000271,3,,,,
cycle4_ho_lambda_robustness,HO,scalefree,,scalefree,gnn_node,random_graph,0.010000,4,0.001484,0.000516,3,,,,
cycle4_ho_lambda_robustness,HO,scalefree,,scalefree,gnn_node,random_graph,0.010000,8,0.002951,0.000976,3,,,,
cycle4_ho_lambda_robustness,HO,scalefree,,scalefree,gnn_node,random_graph,0.010000,16,0.006586,0.002022,3,,,,
cycle4_ho_lambda_robustness,HO,scalefree,,scalefree,gnn_node,random_graph,0.010000,32,0.023457,0.011325,3,,,,
cycle4_ho_lambda_robustness,HO,scalefree,,scalefree,gnn_node,graph,0.050000,1,0.000364,0.000106,3,,,,
cycle4_ho_lambda_robustness,HO,scalefree,,scalefree,gnn_node,graph,0.050000,2,0.000722,0.000207,3,,,,
cycle4_ho_lambda_robustness,HO,scalefree,,scalefree,gnn_node,graph,0.050000,4,0.001429,0.000392,3,,,,
cycle4_ho_lambda_robustness,HO,scalefree,,scalefree,gnn_node,graph,0.050000,8,0.002849,0.000723,3,,,,
cycle4_ho_lambda_robustness,HO,scalefree,,scalefree,gnn_node,graph,0.050000,16,0.006307,0.001438,3,,,,
cycle4_ho_lambda_robustness,HO,scalefree,,scalefree,gnn_node,graph,0.050000,32,0.023326,0.010110,3,,,,
cycle4_ho_lambda_robustness,HO,scalefree,,scalefree,gnn_node,permuted_graph,0.050000,1,0.000355,0.000116,3,,,,
cycle4_ho_lambda_robustness,HO,scalefree,,scalefree,gnn_node,permuted_graph,0.050000,2,0.000705,0.000232,3,,,,
cycle4_ho_lambda_robustness,HO,scalefree,,scalefree,gnn_node,permuted_graph,0.050000,4,0.001396,0.000457,3,,,,
cycle4_ho_lambda_robustness,HO,scalefree,,scalefree,gnn_node,permuted_graph,0.050000,8,0.002785,0.000920,3,,,,
cycle4_ho_lambda_robustness,HO,scalefree,,scalefree,gnn_node,permuted_graph,0.050000,16,0.005905,0.001991,3,,,,
cycle4_ho_lambda_robustness,HO,scalefree,,scalefree,gnn_node,permuted_graph,0.050000,32,0.017502,0.006324,3,,,,
cycle4_ho_lambda_robustness,HO,scalefree,,scalefree,gnn_node,random_graph,0.050000,1,0.000349,0.000116,3,,,,
cycle4_ho_lambda_robustness,HO,scalefree,,scalefree,gnn_node,random_graph,0.050000,2,0.000692,0.000232,3,,,,
cycle4_ho_lambda_robustness,HO,scalefree,,scalefree,gnn_node,random_graph,0.050000,4,0.001371,0.000452,3,,,,
cycle4_ho_lambda_robustness,HO,scalefree,,scalefree,gnn_node,random_graph,0.050000,8,0.002733,0.000890,3,,,,
cycle4_ho_lambda_robustness,HO,scalefree,,scalefree,gnn_node,random_graph,0.050000,16,0.005800,0.001807,3,,,,
cycle4_ho_lambda_robustness,HO,scalefree,,scalefree,gnn_node,random_graph,0.050000,32,0.017386,0.005388,3,,,,
cycle5_ho_lattice_bridge,HO,lattice,,lattice,gnn_node,graph,0.001000,1,0.000588,0.000154,5,,,,
cycle5_ho_lattice_bridge,HO,lattice,,lattice,gnn_node,graph,0.001000,2,0.001179,0.000302,5,,,,
cycle5_ho_lattice_bridge,HO,lattice,,lattice,gnn_node,graph,0.001000,4,0.002376,0.000583,5,,,,
cycle5_ho_lattice_bridge,HO,lattice,,lattice,gnn_node,graph,0.001000,8,0.004956,0.001060,5,,,,
cycle5_ho_lattice_bridge,HO,lattice,,lattice,gnn_node,graph,0.001000,16,0.011481,0.001914,5,,,,
cycle5_ho_lattice_bridge,HO,lattice,,lattice,gnn_node,graph,0.001000,32,0.036034,0.004868,5,,,,
cycle5_ho_lattice_bridge,HO,lattice,,lattice,gnn_node,permuted_graph,0.001000,1,0.000548,0.000288,5,,,,
cycle5_ho_lattice_bridge,HO,lattice,,lattice,gnn_node,permuted_graph,0.001000,2,0.001089,0.000574,5,,,,
cycle5_ho_lattice_bridge,HO,lattice,,lattice,gnn_node,permuted_graph,0.001000,4,0.002157,0.001141,5,,,,
cycle5_ho_lattice_bridge,HO,lattice,,lattice,gnn_node,permuted_graph,0.001000,8,0.004290,0.002261,5,,,,
cycle5_ho_lattice_bridge,HO,lattice,,lattice,gnn_node,permuted_graph,0.001000,16,0.009284,0.004604,5,,,,
cycle5_ho_lattice_bridge,HO,lattice,,lattice,gnn_node,permuted_graph,0.001000,32,0.031095,0.016873,5,,,,
cycle5_ho_lattice_bridge,HO,lattice,,lattice,gnn_node,random_graph,0.001000,1,0.000558,0.000265,5,,,,
cycle5_ho_lattice_bridge,HO,lattice,,lattice,gnn_node,random_graph,0.001000,2,0.001108,0.000526,5,,,,
cycle5_ho_lattice_bridge,HO,lattice,,lattice,gnn_node,random_graph,0.001000,4,0.002184,0.001044,5,,,,
cycle5_ho_lattice_bridge,HO,lattice,,lattice,gnn_node,random_graph,0.001000,8,0.004318,0.002081,5,,,,
cycle5_ho_lattice_bridge,HO,lattice,,lattice,gnn_node,random_graph,0.001000,16,0.009120,0.004329,5,,,,
cycle5_ho_lattice_bridge,HO,lattice,,lattice,gnn_node,random_graph,0.001000,32,0.027438,0.013210,5,,,,
cycle5_ho_lattice_bridge,HO,lattice,,lattice,gnn_node,graph,0.005000,1,0.000469,0.000149,5,,,,
cycle5_ho_lattice_bridge,HO,lattice,,lattice,gnn_node,graph,0.005000,2,0.000928,0.000293,5,,,,
cycle5_ho_lattice_bridge,HO,lattice,,lattice,gnn_node,graph,0.005000,4,0.001833,0.000580,5,,,,
cycle5_ho_lattice_bridge,HO,lattice,,lattice,gnn_node,graph,0.005000,8,0.003717,0.001238,5,,,,
cycle5_ho_lattice_bridge,HO,lattice,,lattice,gnn_node,graph,0.005000,16,0.008766,0.003911,5,,,,
cycle5_ho_lattice_bridge,HO,lattice,,lattice,gnn_node,graph,0.005000,32,0.033130,0.028911,5,,,,
cycle5_ho_lattice_bridge,HO,lattice,,lattice,gnn_node,permuted_graph,0.005000,1,0.000372,0.000080,5,,,,
cycle5_ho_lattice_bridge,HO,lattice,,lattice,gnn_node,permuted_graph,0.005000,2,0.000741,0.000164,5,,,,
cycle5_ho_lattice_bridge,HO,lattice,,lattice,gnn_node,permuted_graph,0.005000,4,0.001476,0.000338,5,,,,
cycle5_ho_lattice_bridge,HO,lattice,,lattice,gnn_node,permuted_graph,0.005000,8,0.002988,0.000677,5,,,,
cycle5_ho_lattice_bridge,HO,lattice,,lattice,gnn_node,permuted_graph,0.005000,16,0.006568,0.001366,5,,,,
cycle5_ho_lattice_bridge,HO,lattice,,lattice,gnn_node,permuted_graph,0.005000,32,0.018893,0.005162,5,,,,
cycle5_ho_lattice_bridge,HO,lattice,,lattice,gnn_node,random_graph,0.005000,1,0.000396,0.000086,5,,,,
cycle5_ho_lattice_bridge,HO,lattice,,lattice,gnn_node,random_graph,0.005000,2,0.000786,0.000173,5,,,,
cycle5_ho_lattice_bridge,HO,lattice,,lattice,gnn_node,random_graph,0.005000,4,0.001556,0.000342,5,,,,
cycle5_ho_lattice_bridge,HO,lattice,,lattice,gnn_node,random_graph,0.005000,8,0.003113,0.000669,5,,,,
cycle5_ho_lattice_bridge,HO,lattice,,lattice,gnn_node,random_graph,0.005000,16,0.006735,0.001395,5,,,,
cycle5_ho_lattice_bridge,HO,lattice,,lattice,gnn_node,random_graph,0.005000,32,0.019632,0.005629,5,,,,
cycle5_ho_lattice_bridge,HO,lattice,,lattice,gnn_node,graph,0.010000,1,0.000346,0.000117,5,,,,
cycle5_ho_lattice_bridge,HO,lattice,,lattice,gnn_node,graph,0.010000,2,0.000691,0.000236,5,,,,
cycle5_ho_lattice_bridge,HO,lattice,,lattice,gnn_node,graph,0.010000,4,0.001375,0.000482,5,,,,
cycle5_ho_lattice_bridge,HO,lattice,,lattice,gnn_node,graph,0.010000,8,0.002788,0.001016,5,,,,
cycle5_ho_lattice_bridge,HO,lattice,,lattice,gnn_node,graph,0.010000,16,0.006209,0.002375,5,,,,
cycle5_ho_lattice_bridge,HO,lattice,,lattice,gnn_node,graph,0.010000,32,0.019297,0.009681,5,,,,
cycle5_ho_lattice_bridge,HO,lattice,,lattice,gnn_node,permuted_graph,0.010000,1,0.000320,0.000122,5,,,,
cycle5_ho_lattice_bridge,HO,lattice,,lattice,gnn_node,permuted_graph,0.010000,2,0.000633,0.000239,5,,,,
cycle5_ho_lattice_bridge,HO,lattice,,lattice,gnn_node,permuted_graph,0.010000,4,0.001243,0.000465,5,,,,
cycle5_ho_lattice_bridge,HO,lattice,,lattice,gnn_node,permuted_graph,0.010000,8,0.002437,0.000912,5,,,,
cycle5_ho_lattice_bridge,HO,lattice,,lattice,gnn_node,permuted_graph,0.010000,16,0.005044,0.002091,5,,,,
cycle5_ho_lattice_bridge,HO,lattice,,lattice,gnn_node,permuted_graph,0.010000,32,0.014132,0.007733,5,,,,
cycle5_ho_lattice_bridge,HO,lattice,,lattice,gnn_node,random_graph,0.010000,1,0.000307,0.000140,5,,,,
cycle5_ho_lattice_bridge,HO,lattice,,lattice,gnn_node,random_graph,0.010000,2,0.000607,0.000274,5,,,,
cycle5_ho_lattice_bridge,HO,lattice,,lattice,gnn_node,random_graph,0.010000,4,0.001191,0.000525,5,,,,
cycle5_ho_lattice_bridge,HO,lattice,,lattice,gnn_node,random_graph,0.010000,8,0.002329,0.000984,5,,,,
cycle5_ho_lattice_bridge,HO,lattice,,lattice,gnn_node,random_graph,0.010000,16,0.004716,0.001905,5,,,,
cycle5_ho_lattice_bridge,HO,lattice,,lattice,gnn_node,random_graph,0.010000,32,0.012875,0.005518,5,,,,
cycle5_ho_lattice_bridge,HO,lattice,,lattice,gnn_node,graph,0.050000,1,0.000310,0.000088,5,,,,
cycle5_ho_lattice_bridge,HO,lattice,,lattice,gnn_node,graph,0.050000,2,0.000616,0.000174,5,,,,
cycle5_ho_lattice_bridge,HO,lattice,,lattice,gnn_node,graph,0.050000,4,0.001225,0.000352,5,,,,
cycle5_ho_lattice_bridge,HO,lattice,,lattice,gnn_node,graph,0.050000,8,0.002474,0.000740,5,,,,
cycle5_ho_lattice_bridge,HO,lattice,,lattice,gnn_node,graph,0.050000,16,0.005480,0.001777,5,,,,
cycle5_ho_lattice_bridge,HO,lattice,,lattice,gnn_node,graph,0.050000,32,0.017898,0.008284,5,,,,
cycle5_ho_lattice_bridge,HO,lattice,,lattice,gnn_node,permuted_graph,0.050000,1,0.000321,0.000072,5,,,,
cycle5_ho_lattice_bridge,HO,lattice,,lattice,gnn_node,permuted_graph,0.050000,2,0.000642,0.000146,5,,,,
cycle5_ho_lattice_bridge,HO,lattice,,lattice,gnn_node,permuted_graph,0.050000,4,0.001288,0.000302,5,,,,
cycle5_ho_lattice_bridge,HO,lattice,,lattice,gnn_node,permuted_graph,0.050000,8,0.002638,0.000650,5,,,,
cycle5_ho_lattice_bridge,HO,lattice,,lattice,gnn_node,permuted_graph,0.050000,16,0.005831,0.001465,5,,,,
cycle5_ho_lattice_bridge,HO,lattice,,lattice,gnn_node,permuted_graph,0.050000,32,0.016618,0.005710,5,,,,
cycle5_ho_lattice_bridge,HO,lattice,,lattice,gnn_node,random_graph,0.050000,1,0.000329,0.000071,5,,,,
cycle5_ho_lattice_bridge,HO,lattice,,lattice,gnn_node,random_graph,0.050000,2,0.000657,0.000144,5,,,,
cycle5_ho_lattice_bridge,HO,lattice,,lattice,gnn_node,random_graph,0.050000,4,0.001319,0.000298,5,,,,
cycle5_ho_lattice_bridge,HO,lattice,,lattice,gnn_node,random_graph,0.050000,8,0.002697,0.000640,5,,,,
cycle5_ho_lattice_bridge,HO,lattice,,lattice,gnn_node,random_graph,0.050000,16,0.005924,0.001461,5,,,,
cycle5_ho_lattice_bridge,HO,lattice,,lattice,gnn_node,random_graph,0.050000,32,0.016857,0.005852,5,,,,
cycle5_ho_lattice_bridge,HO,lattice,,lattice,gnn_node,graph,0.100000,1,0.000313,0.000107,5,,,,
cycle5_ho_lattice_bridge,HO,lattice,,lattice,gnn_node,graph,0.100000,2,0.000625,0.000213,5,,,,
cycle5_ho_lattice_bridge,HO,lattice,,lattice,gnn_node,graph,0.100000,4,0.001249,0.000426,5,,,,
cycle5_ho_lattice_bridge,HO,lattice,,lattice,gnn_node,graph,0.100000,8,0.002546,0.000865,5,,,,
cycle5_ho_lattice_bridge,HO,lattice,,lattice,gnn_node,graph,0.100000,16,0.005634,0.001836,5,,,,
cycle5_ho_lattice_bridge,HO,lattice,,lattice,gnn_node,graph,0.100000,32,0.016907,0.005387,5,,,,
cycle5_ho_lattice_bridge,HO,lattice,,lattice,gnn_node,permuted_graph,0.100000,1,0.000354,0.000096,5,,,,
cycle5_ho_lattice_bridge,HO,lattice,,lattice,gnn_node,permuted_graph,0.100000,2,0.000708,0.000190,5,,,,
cycle5_ho_lattice_bridge,HO,lattice,,lattice,gnn_node,permuted_graph,0.100000,4,0.001423,0.000376,5,,,,
cycle5_ho_lattice_bridge,HO,lattice,,lattice,gnn_node,permuted_graph,0.100000,8,0.002936,0.000763,5,,,,
cycle5_ho_lattice_bridge,HO,lattice,,lattice,gnn_node,permuted_graph,0.100000,16,0.006634,0.001644,5,,,,
cycle5_ho_lattice_bridge,HO,lattice,,lattice,gnn_node,permuted_graph,0.100000,32,0.019773,0.005892,5,,,,
cycle5_ho_lattice_bridge,HO,lattice,,lattice,gnn_node,random_graph,0.100000,1,0.000355,0.000097,5,,,,
cycle5_ho_lattice_bridge,HO,lattice,,lattice,gnn_node,random_graph,0.100000,2,0.000710,0.000192,5,,,,
cycle5_ho_lattice_bridge,HO,lattice,,lattice,gnn_node,random_graph,0.100000,4,0.001427,0.000379,5,,,,
cycle5_ho_lattice_bridge,HO,lattice,,lattice,gnn_node,random_graph,0.100000,8,0.002943,0.000766,5,,,,
cycle5_ho_lattice_bridge,HO,lattice,,lattice,gnn_node,random_graph,0.100000,16,0.006661,0.001644,5,,,,
cycle5_ho_lattice_bridge,HO,lattice,,lattice,gnn_node,random_graph,0.100000,32,0.019872,0.006186,5,,,,
